Operating Points,,,,,,,,,,,,,,,,,,,,
Wind Speed (mps),8.0,8.0,8.0,8.0,8.0,8.0,8.0,8.0,8.0,8.0,8.0,8.0,8.0,8.0,8.0,8.0,8.0,8.0,8.0,8.0
Rotor Speed (rpm),4.000000111310047,1.0000000278279895,1.7368422584446446,2.4736844890613,3.2105264350879086,3.9473683811135616,4.6842103271392155,5.4210528423478275,6.157894788373481,6.894736734399134,7.631579249607746,8.36842062645044,9.105263141659053,9.842105656867664,10.578947602896184,11.315789548915154,12.05263149494367,12.789473440972188,13.526316525362805,14.263158471391321
